,Metric,Score Test,Score Train
0,ROUGE-L recallt,0.4277325783121452,0.6598537939371576
1,BLEU-1 precission,0.5544415822428397,0.8199966412906387
