,Metric,Score Test,Score Train
0,ROUGE-L recallt,0.36385622362033254,0.5414950506070463
1,BLEU-1 precission,0.4028025675608249,0.6101589090604385
