,Metric,Score Test,Score Train
0,ROUGE-L recallt,0.35782168451151286,0.5149034545581744
1,BLEU-1 precission,0.4007743158609913,0.590104876462518
