,Metric,Score Test,Score Train
0,ROUGE-L recallt,0.35242166370138617,0.49559543695785485
1,BLEU-1 precission,0.4102889069905189,0.5684512053800508
