,Metric,Score Test,Score Train
0,ROUGE-L recallt,0.3645950365294106,0.5093213653873814
1,BLEU-1 precission,0.40357478010171205,0.5794464028981394
