,Metric,Score Test,Score Train
0,ROUGE-L recallt,0.42870158519743823,0.6709747838346287
1,BLEU-1 precission,0.5498204985950574,0.8641342986656602
