,Metric,Score Test,Score Train
0,ROUGE-L recallt,0.37042900919822236,0.39900773247822585
1,BLEU-1 precission,0.3944278232642207,0.43390397911359985
