,Metric,Score Test,Score Train
0,ROUGE-L recallt,0.43954364604220403,0.6787569565225371
1,BLEU-1 precission,0.535184995762384,0.8575778167995809
